{
  "_format": "hh-sol-cache-2",
  "files": {
    "/home/shaka/git_pro/ETH-AVAX-Module-2-Project/contracts/MathOperations.sol": {
      "lastModificationDate": 1689456439239,
      "contentHash": "a356756de4a00d25e1677a8c976ab11d",
      "sourceName": "contracts/MathOperations.sol",
      "solcConfig": {
        "version": "0.8.17",
        "settings": {
          "optimizer": {
            "enabled": false,
            "runs": 200
          },
          "outputSelection": {
            "*": {
              "*": [
                "abi",
                "evm.bytecode",
                "evm.deployedBytecode",
                "evm.methodIdentifiers",
                "metadata"
              ],
              "": [
                "ast"
              ]
            }
          }
        }
      },
      "imports": [],
      "versionPragmas": [
        "^0.8.9"
      ],
      "artifacts": [
        "MathOperations"
      ]
    }
  }
}
